timestamps,market_caps,asset
1764806400000,132937642111.7655,ripple
1764892800000,126486491841.91081,ripple
1764979200000,122781280853.37723,ripple
1765065600000,122577456923.27518,ripple
1765152000000,123040998729.40932,ripple
1765238400000,125066913714.14474,ripple
1765324800000,127322196940.53752,ripple
1765411200000,123493871175.6185,ripple
1765497600000,122945482685.17928,ripple
1765584000000,121271367985.15312,ripple
1765670400000,122081658806.46567,ripple
1765756800000,119696831895.82625,ripple
1765843200000,114709077203.17761,ripple
1765929600000,116635881218.18115,ripple
1766016000000,112627063671.41014,ripple
1766102400000,109302270096.60616,ripple
1766188800000,115440151450.5477,ripple
1766275200000,117001210129.14806,ripple
1766361600000,116507654772.39102,ripple
1766448000000,115209591340.63138,ripple
1766534400000,113540049924.98172,ripple
1766620800000,112759823021.59952,ripple
1766707200000,110961112657.54439,ripple
1766793600000,111590253884.79008,ripple
1766880000000,113432868120.26703,ripple
1766966400000,112943419117.96327,ripple
1767052800000,111915660113.13713,ripple
1767139200000,113760103518.08258,ripple
1767225600000,111584107850.57034,ripple
1767312000000,113862299868.79008,ripple
1767398400000,121857970095.58598,ripple
1767484800000,122417798650.40025,ripple
1767571200000,126829332926.84306,ripple
1767657600000,143217645894.35986,ripple
1767744000000,139893355179.23517,ripple
1767830400000,131342647579.56671,ripple
1767916800000,128890902402.58136,ripple
1768003200000,127046182295.17743,ripple
1768089600000,126788332730.89705,ripple
1768176000000,125631699720.31146,ripple
1768262400000,124566610364.54211,ripple
1768348800000,130871637991.65312,ripple
1768435200000,129865391288.69981,ripple
1768521600000,126091557245.72693,ripple
1768608000000,125743867931.1332,ripple
1768694400000,125335465140.71304,ripple
1768780800000,121358650247.96336,ripple
1768867200000,120903244308.55229,ripple
1768953600000,114737701418.28467,ripple
1769040000000,118174939473.1962,ripple
1769126400000,116745867275.0725,ripple
1769212800000,116806714475.3337,ripple
1769299200000,116446105795.45094,ripple
1769385600000,111546255615.77956,ripple
1769472000000,115887503699.2417,ripple
1769558400000,116574716597.83336,ripple
1769644800000,116052628994.01955,ripple
1769731200000,109849188044.60716,ripple
1769817600000,105432128839.02545,ripple
1769904000000,99939565671.385,ripple
1769990400000,97028843949.16516,ripple
1770076800000,98619699555.84525,ripple
1770163200000,95712683975.12364,ripple
1770249600000,92410244673.49962,ripple
1770336000000,74627934932.95325,ripple
1770422400000,89768174961.8917,ripple
1770508800000,86823610818.37268,ripple
1770595200000,87440675892.7328,ripple
1770681600000,87665589709.96698,ripple
1770768000000,85271701641.28693,ripple
1770854400000,83298868779.79366,ripple
1770940800000,82929969245.25221,ripple
1771027200000,85650029662.1184,ripple
1771113600000,91976917572.85744,ripple
1771200000000,89761800847.37251,ripple
1771286400000,90610720943.03679,ripple
1771372800000,89834881630.14792,ripple
1771459200000,86399241397.57886,ripple
1771545600000,85850017342.566,ripple
1771632000000,87127134985.29282,ripple
1771718400000,87411395033.64127,ripple
1771804800000,84804267353.87541,ripple
1771891200000,82526476193.37524,ripple
1771977600000,82332540593.89131,ripple
1772064000000,87170656589.21913,ripple
1772150400000,85538873929.22694,ripple
1772236800000,82808396104.64316,ripple
1772323200000,84262604898.69641,ripple
1772409600000,82518608292.31767,ripple
1772496000000,85165748421.79579,ripple
1772582400000,83177383072.09982,ripple
1772622849000,85897103949.72136,ripple
1764806400000,3808162885.423307,paypal-usd
1764892800000,3825734190.3890734,paypal-usd
1764979200000,3845821621.6211963,paypal-usd
1765065600000,3844979752.221777,paypal-usd
1765152000000,3845181331.945308,paypal-usd
1765238400000,3818561451.386087,paypal-usd
1765324800000,3830375813.0421505,paypal-usd
1765411200000,3825198306.6251936,paypal-usd
1765497600000,3914412272.7289414,paypal-usd
1765584000000,3874208316.7993774,paypal-usd
1765670400000,3874910689.4969926,paypal-usd
1765756800000,3875510696.67949,paypal-usd
1765843200000,3865326636.3111916,paypal-usd
1765929600000,3866555381.345419,paypal-usd
1766016000000,3866136887.864178,paypal-usd
1766102400000,3876623000.203859,paypal-usd
1766188800000,3848928709.2111926,paypal-usd
1766275200000,3878169111.643966,paypal-usd
1766361600000,3878571821.999886,paypal-usd
1766448000000,3831196151.518061,paypal-usd
1766534400000,3825465409.1964707,paypal-usd
1766620800000,3715390294.127182,paypal-usd
1766707200000,3711280507.0828953,paypal-usd
1766793600000,3725577088.0498967,paypal-usd
1766880000000,3734952258.7027793,paypal-usd
1766966400000,3735767227.858784,paypal-usd
1767052800000,3577629661.080332,paypal-usd
1767139200000,3544301750.787426,paypal-usd
1767225600000,3609351884.0627937,paypal-usd
1767312000000,3605485978.032791,paypal-usd
1767398400000,3621765005.0177126,paypal-usd
1767484800000,3627650900.2506537,paypal-usd
1767571200000,3628234192.6734242,paypal-usd
1767657600000,3632322303.940509,paypal-usd
1767744000000,3642287114.746205,paypal-usd
1767830400000,3650595961.5440702,paypal-usd
1767916800000,3659751336.7223997,paypal-usd
1768003200000,3654920823.6317253,paypal-usd
1768089600000,3661415721.174038,paypal-usd
1768176000000,3681648579.2688813,paypal-usd
1768262400000,3642970331.5825453,paypal-usd
1768348800000,3627467995.5274487,paypal-usd
1768435200000,3639616701.736016,paypal-usd
1768521600000,3681462854.8438444,paypal-usd
1768608000000,3705744425.052125,paypal-usd
1768694400000,3720570698.148473,paypal-usd
1768780800000,3718513182.241032,paypal-usd
1768867200000,3731495762.799413,paypal-usd
1768953600000,3685210478.01899,paypal-usd
1769040000000,3679716615.647758,paypal-usd
1769126400000,3683305099.1293573,paypal-usd
1769212800000,3749777204.312353,paypal-usd
1769299200000,3751569325.8626084,paypal-usd
1769385600000,3735797907.771288,paypal-usd
1769472000000,3868724289.8282843,paypal-usd
1769558400000,3818808203.9587793,paypal-usd
1769644800000,3797318966.2181864,paypal-usd
1769731200000,3823165686.7393575,paypal-usd
1769817600000,3597879718.688196,paypal-usd
1769904000000,3602951867.4625773,paypal-usd
1769990400000,3596307297.291072,paypal-usd
1770076800000,3545560866.3693314,paypal-usd
1770163200000,3568262485.6545854,paypal-usd
1770249600000,3572512968.6071715,paypal-usd
1770336000000,3570898580.165832,paypal-usd
1770422400000,3834839347.7503095,paypal-usd
1770508800000,3857942056.0503554,paypal-usd
1770595200000,3859645849.203981,paypal-usd
1770681600000,3748494375.0936875,paypal-usd
1770768000000,3899757560.2278214,paypal-usd
1770854400000,3906625657.58875,paypal-usd
1770940800000,3930255954.083567,paypal-usd
1771027200000,3965053219.188413,paypal-usd
1771113600000,4033948234.722371,paypal-usd
1771200000000,4023291749.373007,paypal-usd
1771286400000,4048506126.2549186,paypal-usd
1771372800000,4048083380.8084297,paypal-usd
1771459200000,4036684807.547049,paypal-usd
1771545600000,4004687825.7378054,paypal-usd
1771632000000,4054211115.2321935,paypal-usd
1771718400000,4080521189.377951,paypal-usd
1771804800000,4078418571.7462587,paypal-usd
1771891200000,4092364364.8742223,paypal-usd
1771977600000,4113774203.8179326,paypal-usd
1772064000000,4140076584.715469,paypal-usd
1772150400000,4185732914.398798,paypal-usd
1772236800000,4202543271.0670567,paypal-usd
1772323200000,4203132570.3143544,paypal-usd
1772409600000,4204188895.4071374,paypal-usd
1772496000000,4197685248.544005,paypal-usd
1772582400000,4197769555.6149325,paypal-usd
1772622847000,4173265971.409459,paypal-usd
1764806400000,9387318143.47411,hyperliquid
1764892800000,9088137327.621035,hyperliquid
1764979200000,8391217976.252923,hyperliquid
1765065600000,8366382462.765633,hyperliquid
1765152000000,7961792766.882433,hyperliquid
1765238400000,7975067795.831864,hyperliquid
1765324800000,7581634058.21187,hyperliquid
1765411200000,7872610866.737542,hyperliquid
1765497600000,7894240570.748803,hyperliquid
1765584000000,7792575778.067535,hyperliquid
1765670400000,7974600563.894672,hyperliquid
1765756800000,7842254421.279658,hyperliquid
1765843200000,7459831272.893954,hyperliquid
1765929600000,7238047016.704674,hyperliquid
1766016000000,6625695615.36014,hyperliquid
1766102400000,6108287041.773024,hyperliquid
1766188800000,6736441842.556344,hyperliquid
1766275200000,6469551129.319433,hyperliquid
1766361600000,6675104320.87015,hyperliquid
1766448000000,6740252113.624726,hyperliquid
1766534400000,5703452948.753976,hyperliquid
1766620800000,6002100883.757303,hyperliquid
1766707200000,5797318982.941653,hyperliquid
1766793600000,6132155765.198997,hyperliquid
1766880000000,6175027844.318655,hyperliquid
1766966400000,6050770717.999582,hyperliquid
1767052800000,6127634917.950636,hyperliquid
1767139200000,6180895052.157524,hyperliquid
1767225600000,6063552769.803161,hyperliquid
1767312000000,5758563694.105126,hyperliquid
1767398400000,5851000478.812292,hyperliquid
1767484800000,6045207252.2810545,hyperliquid
1767571200000,6374767611.896876,hyperliquid
1767657600000,6350483511.163288,hyperliquid
1767744000000,6717215599.757049,hyperliquid
1767830400000,6405643684.175502,hyperliquid
1767916800000,6117861684.036673,hyperliquid
1768003200000,5983677516.481979,hyperliquid
1768089600000,5729198870.814605,hyperliquid
1768176000000,5801930430.524801,hyperliquid
1768262400000,5659564868.617833,hyperliquid
1768348800000,6084337848.688689,hyperliquid
1768435200000,6168831086.105328,hyperliquid
1768521600000,5882254789.574951,hyperliquid
1768608000000,5955195480.622095,hyperliquid
1768694400000,6059458782.081157,hyperliquid
1768780800000,5878111735.859547,hyperliquid
1768867200000,5653588019.414974,hyperliquid
1768953600000,4999616972.934559,hyperliquid
1769040000000,5114753740.006268,hyperliquid
1769126400000,5092254617.317615,hyperliquid
1769212800000,5374161608.603307,hyperliquid
1769299200000,5533434086.6491585,hyperliquid
1769385600000,5279969665.367783,hyperliquid
1769472000000,5927452209.949735,hyperliquid
1769558400000,7323303129.953503,hyperliquid
1769644800000,8123176271.096516,hyperliquid
1769731200000,7335234564.416261,hyperliquid
1769817600000,7276932612.148005,hyperliquid
1769904000000,7369016589.268811,hyperliquid
1769990400000,7325184148.842972,hyperliquid
1770076800000,7974408629.557463,hyperliquid
1770163200000,7769347128.324478,hyperliquid
1770249600000,8477034218.151134,hyperliquid
1770336000000,7870504189.635854,hyperliquid
1770422400000,7732293136.717201,hyperliquid
1770508800000,7461082000.366362,hyperliquid
1770595200000,7721091091.507417,hyperliquid
1770681600000,7479544527.564093,hyperliquid
1770768000000,6875141213.963352,hyperliquid
1770854400000,6996440973.904062,hyperliquid
1770940800000,7366333695.7882185,hyperliquid
1771027200000,7538663281.608621,hyperliquid
1771113600000,7598069310.85092,hyperliquid
1771200000000,7300350350.724132,hyperliquid
1771286400000,7387368042.462612,hyperliquid
1771372800000,7054457875.917264,hyperliquid
1771459200000,6796578943.312958,hyperliquid
1771545600000,6917240541.2157755,hyperliquid
1771632000000,7223837513.276656,hyperliquid
1771718400000,7087813733.581125,hyperliquid
1771804800000,6905076796.773436,hyperliquid
1771891200000,6258093067.37733,hyperliquid
1771977600000,6479825937.121443,hyperliquid
1772064000000,6600693012.16694,hyperliquid
1772150400000,6713409048.669518,hyperliquid
1772236800000,6496420161.958986,hyperliquid
1772323200000,7429068602.097599,hyperliquid
1772409600000,7557036859.061385,hyperliquid
1772496000000,7825159319.339844,hyperliquid
1772582400000,7483355036.874255,hyperliquid
1772622851000,7756021716.566224,hyperliquid
1764806400000,14047443465.58643,figure-heloc
1764892800000,14044096701.847645,figure-heloc
1764979200000,14574808989.33461,figure-heloc
1765065600000,14469471305.539267,figure-heloc
1765152000000,14469471305.539267,figure-heloc
1765238400000,14489184585.178303,figure-heloc
1765324800000,14558626248.72926,figure-heloc
1765411200000,14420114241.621658,figure-heloc
1765497600000,14589683867.573374,figure-heloc
1765584000000,14596982192.38041,figure-heloc
1765670400000,14152268386.73,figure-heloc
1765756800000,14152268386.73,figure-heloc
1765843200000,14634010907.396612,figure-heloc
1765929600000,14713120306.993973,figure-heloc
1766016000000,14282775361.241806,figure-heloc
1766102400000,14440911152.429815,figure-heloc
1766188800000,14289267233.598303,figure-heloc
1766275200000,14559285473.596947,figure-heloc
1766361600000,14559285473.596947,figure-heloc
1766448000000,14818159589.646303,figure-heloc
1766534400000,14683352778.579805,figure-heloc
1766620800000,14906294968.65512,figure-heloc
1766707200000,14924929393.375898,figure-heloc
1766793600000,14734694024.897457,figure-heloc
1766880000000,14668507311.229305,figure-heloc
1766966400000,14668507311.229305,figure-heloc
1767052800000,14878241978.942986,figure-heloc
1767139200000,15008878408.745598,figure-heloc
1767225600000,14928490472.689796,figure-heloc
1767312000000,14668505248.170382,figure-heloc
1767398400000,14858269135.012667,figure-heloc
1767484800000,14668128213.700861,figure-heloc
1767571200000,14668128213.700861,figure-heloc
1767657600000,14850430408.268007,figure-heloc
1767744000000,14923589692.63742,figure-heloc
1767830400000,14947637073.967617,figure-heloc
1767916800000,14980565647.327393,figure-heloc
1768003200000,14985688855.842459,figure-heloc
1768089600000,14519551285.836,figure-heloc
1768176000000,14519551285.836,figure-heloc
1768262400000,15062486165.901535,figure-heloc
1768348800000,15052710702.7251,figure-heloc
1768435200000,14896066192.8857,figure-heloc
1768521600000,15057977082.194998,figure-heloc
1768608000000,15091692324.260902,figure-heloc
1768694400000,14633478598.936,figure-heloc
1768780800000,14653817053.036,figure-heloc
1768867200000,15030689939.997707,figure-heloc
1768953600000,15030689939.997707,figure-heloc
1769040000000,15122342250.00898,figure-heloc
1769126400000,15350449128.727465,figure-heloc
1769212800000,15042899422.710838,figure-heloc
1769299200000,15130953635.191433,figure-heloc
1769385600000,15170431156.51409,figure-heloc
1769472000000,15244258156.801975,figure-heloc
1769558400000,15310635193.388676,figure-heloc
1769644800000,15193424886.141218,figure-heloc
1769731200000,15346792550.431252,figure-heloc
1769817600000,15514058949.480436,figure-heloc
1769904000000,14891974533.847,figure-heloc
1769990400000,14891974533.847,figure-heloc
1770076800000,15361302252.710577,figure-heloc
1770163200000,15476219914.161678,figure-heloc
1770249600000,15098823244.363892,figure-heloc
1770336000000,14999928706.730684,figure-heloc
1770422400000,15417385024.573927,figure-heloc
1770508800000,15558321141.982967,figure-heloc
1770595200000,15506728119.054863,figure-heloc
1770681600000,15505379273.867071,figure-heloc
1770768000000,15549052648.367891,figure-heloc
1770854400000,15762305736.297726,figure-heloc
1770940800000,15730315309.063663,figure-heloc
1771027200000,15648527723.810518,figure-heloc
1771113600000,15462023670.192577,figure-heloc
1771200000000,15462023670.192577,figure-heloc
1771286400000,15628995701.401985,figure-heloc
1771372800000,15628995701.401985,figure-heloc
1771459200000,15706359466.908552,figure-heloc
1771545600000,15664714204.90366,figure-heloc
1771632000000,15757571492.81177,figure-heloc
1771718400000,15925734314.811342,figure-heloc
1771804800000,15925734314.811342,figure-heloc
1771891200000,15700336851.061674,figure-heloc
1771977600000,15897951812.127668,figure-heloc
1772064000000,15884179692.52833,figure-heloc
1772150400000,15761644206.187231,figure-heloc
1772236800000,16189083806.407194,figure-heloc
1772323200000,15913674380.757292,figure-heloc
1772409600000,15913674380.757292,figure-heloc
1772496000000,15926715795.15281,figure-heloc
1772582400000,16045239096.667343,figure-heloc
1772606306000,16045239096.667343,figure-heloc
1764806400000,77812656340.26474,usd-coin
1764892800000,78052939534.6978,usd-coin
1764979200000,78062265665.87842,usd-coin
1765065600000,78125782618.12518,usd-coin
1765152000000,78177215513.57675,usd-coin
1765238400000,78322005232.93845,usd-coin
1765324800000,78461039498.99965,usd-coin
1765411200000,78247279770.47147,usd-coin
1765497600000,78273133759.30103,usd-coin
1765584000000,78479111692.53076,usd-coin
1765670400000,78424700012.9138,usd-coin
1765756800000,78400153698.20047,usd-coin
1765843200000,78445964850.04926,usd-coin
1765929600000,78315434993.7644,usd-coin
1766016000000,78042840696.92249,usd-coin
1766102400000,77331627180.34195,usd-coin
1766188800000,77093596994.70663,usd-coin
1766275200000,77077940358.12505,usd-coin
1766361600000,77107714886.00273,usd-coin
1766448000000,77107982651.43582,usd-coin
1766534400000,76915464264.76744,usd-coin
1766620800000,76591043824.28026,usd-coin
1766707200000,76476959213.82686,usd-coin
1766793600000,76517544120.7733,usd-coin
1766880000000,76474911697.4624,usd-coin
1766966400000,76384734230.46066,usd-coin
1767052800000,76016098863.74144,usd-coin
1767139200000,76008223428.32848,usd-coin
1767225600000,75371182421.47166,usd-coin
1767312000000,75187332687.29697,usd-coin
1767398400000,75338085489.51773,usd-coin
1767484800000,75382811888.47682,usd-coin
1767571200000,75441548669.84816,usd-coin
1767657600000,75769878326.6978,usd-coin
1767744000000,75749018875.95282,usd-coin
1767830400000,75208766704.42323,usd-coin
1767916800000,74977683650.8868,usd-coin
1768003200000,74787856335.98029,usd-coin
1768089600000,74713286205.17264,usd-coin
1768176000000,74629591185.86687,usd-coin
1768262400000,74341587408.56544,usd-coin
1768348800000,75016056899.61877,usd-coin
1768435200000,75806879075.3657,usd-coin
1768521600000,75673057112.48198,usd-coin
1768608000000,75985424473.90607,usd-coin
1768694400000,76020188662.64745,usd-coin
1768780800000,75956415747.38663,usd-coin
1768867200000,75815735295.47107,usd-coin
1768953600000,74927824593.92998,usd-coin
1769040000000,74440160183.65816,usd-coin
1769126400000,73725876877.11763,usd-coin
1769212800000,72893696034.71667,usd-coin
1769299200000,72525746654.4399,usd-coin
1769385600000,72391867384.72154,usd-coin
1769472000000,72062863058.69075,usd-coin
1769558400000,71545146183.63538,usd-coin
1769644800000,71222533431.20903,usd-coin
1769731200000,70300438185.34792,usd-coin
1769817600000,70048084221.75757,usd-coin
1769904000000,70165928923.21927,usd-coin
1769990400000,70278789633.51726,usd-coin
1770076800000,70641107077.41772,usd-coin
1770163200000,70764424031.34343,usd-coin
1770249600000,70724659469.83084,usd-coin
1770336000000,70621497254.34673,usd-coin
1770422400000,72486291025.07703,usd-coin
1770508800000,72663403646.94044,usd-coin
1770595200000,72853256563.12044,usd-coin
1770681600000,73017621342.34886,usd-coin
1770768000000,73298558614.85742,usd-coin
1770854400000,73327256816.46031,usd-coin
1770940800000,73161159172.6478,usd-coin
1771027200000,73476716063.94586,usd-coin
1771113600000,73538747787.5806,usd-coin
1771200000000,73608499482.57,usd-coin
1771286400000,73679064910.16641,usd-coin
1771372800000,73499968672.9741,usd-coin
1771459200000,73581990881.96634,usd-coin
1771545600000,73854460914.97928,usd-coin
1771632000000,74439728036.96278,usd-coin
1771718400000,74455440992.85896,usd-coin
1771804800000,74435063995.43195,usd-coin
1771891200000,74770549337.12044,usd-coin
1771977600000,74927198039.54846,usd-coin
1772064000000,75352262969.77148,usd-coin
1772150400000,75314838727.91203,usd-coin
1772236800000,75227319202.03062,usd-coin
1772323200000,75184269623.3704,usd-coin
1772409600000,75192261862.23296,usd-coin
1772496000000,75933895612.55305,usd-coin
1772582400000,76330431281.0647,usd-coin
1772622853000,76400119061.75961,usd-coin
1764806400000,16495716181.123154,cardano
1764892800000,16090507018.55428,cardano
1764979200000,15238604441.552677,cardano
1765065600000,15133784406.35435,cardano
1765152000000,15252980470.333248,cardano
1765238400000,15816935846.888266,cardano
1765324800000,17198390326.176136,cardano
1765411200000,16634965069.586922,cardano
1765497600000,15590817459.125496,cardano
1765584000000,14993951120.304155,cardano
1765670400000,15056131122.86185,cardano
1765756800000,14540050370.641296,cardano
1765843200000,14214181312.129726,cardano
1765929600000,14115871650.075752,cardano
1766016000000,13436419631.186995,cardano
1766102400000,12872144660.985806,cardano
1766188800000,13802822030.295174,cardano
1766275200000,13665894951.88705,cardano
1766361600000,13417724787.394276,cardano
1766448000000,13579676203.93938,cardano
1766534400000,13309585925.71582,cardano
1766620800000,13063036650.940454,cardano
1766707200000,12576864576.627642,cardano
1766793600000,12816538755.298286,cardano
1766880000000,13497851069.653244,cardano
1766966400000,13489166398.814186,cardano
1767052800000,12933986266.55497,cardano
1767139200000,12873702313.742434,cardano
1767225600000,12198267524.25142,cardano
1767312000000,13066529553.387571,cardano
1767398400000,14426105193.908403,cardano
1767484800000,14276366657.288755,cardano
1767571200000,14645990251.096838,cardano
1767657600000,15492381032.47573,cardano
1767744000000,15390716646.922123,cardano
1767830400000,14725551727.147272,cardano
1767916800000,14515082108.723953,cardano
1768003200000,14332944911.57117,cardano
1768089600000,14234800812.300995,cardano
1768176000000,14299648778.774736,cardano
1768262400000,14153860268.217781,cardano
1768348800000,15434488078.331722,cardano
1768435200000,15236528089.205847,cardano
1768521600000,14466568182.104095,cardano
1768608000000,14532994847.909462,cardano
1768694400000,14563572709.206743,cardano
1768780800000,13934547327.324175,cardano
1768867200000,13616130544.954687,cardano
1768953600000,12900809140.319748,cardano
1769040000000,13438398215.785418,cardano
1769126400000,13191480962.028658,cardano
1769212800000,13240244119.296232,cardano
1769299200000,13169899553.68723,cardano
1769385600000,12459953723.155846,cardano
1769472000000,12960724963.160944,cardano
1769558400000,13269283674.246338,cardano
1769644800000,13170297447.386086,cardano
1769731200000,12286248660.350487,cardano
1769817600000,11785820344.617476,cardano
1769904000000,10788918826.255716,cardano
1769990400000,10533234835.810154,cardano
1770076800000,10995715413.63131,cardano
1770163200000,10696074908.50055,cardano
1770249600000,10557285490.240927,cardano
1770336000000,9082744982.529907,cardano
1770422400000,10164417183.745182,cardano
1770508800000,10014738827.987143,cardano
1770595200000,9958241941.062593,cardano
1770681600000,9932502523.691235,cardano
1770768000000,9626306452.2883,cardano
1770854400000,9394476865.86574,cardano
1770940800000,9718758465.127356,cardano
1771027200000,10024221368.842335,cardano
1771113600000,10862663134.593477,cardano
1771200000000,10368012793.010773,cardano
1771286400000,10510122632.430927,cardano
1771372800000,10339031457.268772,cardano
1771459200000,10063120975.608107,cardano
1771545600000,10033143620.649017,cardano
1771632000000,10473957234.732431,cardano
1771718400000,10308719959.490116,cardano
1771804800000,9961598841.594534,cardano
1771891200000,9656024887.362213,cardano
1771977600000,9527281211.00596,cardano
1772064000000,10885675633.05116,cardano
1772150400000,10563956354.280005,cardano
1772236800000,10218319657.64662,cardano
1772323200000,10373655205.921967,cardano
1772409600000,10071434744.198935,cardano
1772496000000,10189021644.010284,cardano
1772582400000,9690820896.130474,cardano
1772622846000,9930177657.024364,cardano
1764806400000,1868050658597.6572,bitcoin
1764892800000,1839369557445.9072,bitcoin
1764979200000,1782798987370.1692,bitcoin
1765065600000,1781194798199.8435,bitcoin
1765152000000,1799656690088.5503,bitcoin
1765238400000,1808394676576.639,bitcoin
1765324800000,1852116289106.247,bitcoin
1765411200000,1837321739746.956,bitcoin
1765497600000,1848922166365.7808,bitcoin
1765584000000,1803244893514.8884,bitcoin
1765670400000,1801496999571.6902,bitcoin
1765756800000,1761380944797.1238,bitcoin
1765843200000,1724624039059.303,bitcoin
1765929600000,1751373602587.6565,bitcoin
1766016000000,1718491930388.8372,bitcoin
1766102400000,1704341132953.6216,bitcoin
1766188800000,1759398134896.644,bitcoin
1766275200000,1762805314679.9844,bitcoin
1766361600000,1768920028841.514,bitcoin
1766448000000,1767081210842.8062,bitcoin
1766534400000,1745209464473.6252,bitcoin
1766620800000,1749379166231.2852,bitcoin
1766707200000,1741491085115.601,bitcoin
1766793600000,1743187621561.159,bitcoin
1766880000000,1753375412209.345,bitcoin
1766966400000,1753595375313.038,bitcoin
1767052800000,1739794323451.9631,bitcoin
1767139200000,1765833387995.6162,bitcoin
1767225600000,1747837206254.3643,bitcoin
1767312000000,1771365149347.3962,bitcoin
1767398400000,1795890115524.7178,bitcoin
1767484800000,1809211438368.9963,bitcoin
1767571200000,1824986876689.233,bitcoin
1767657600000,1876558232963.0544,bitcoin
1767744000000,1870043996457.1855,bitcoin
1767830400000,1822220317807.3809,bitcoin
1767916800000,1817249307661.4592,bitcoin
1768003200000,1807784901284.322,bitcoin
1768089600000,1806483854865.5005,bitcoin
1768176000000,1814078415941.0112,bitcoin
1768262400000,1820530763450.6675,bitcoin
1768348800000,1902289955573.257,bitcoin
1768435200000,1938292963237.8118,bitcoin
1768521600000,1909227332523.1567,bitcoin
1768608000000,1907673016263.0132,bitcoin
1768694400000,1899912876486.1714,bitcoin
1768780800000,1874976961280.7039,bitcoin
1768867200000,1849232162887.1968,bitcoin
1768953600000,1764030499464.2656,bitcoin
1769040000000,1785123532735.0352,bitcoin
1769126400000,1787014846080.977,bitcoin
1769212800000,1786292506432.339,bitcoin
1769299200000,1781979789713.3386,bitcoin
1769385600000,1731460015137.4014,bitcoin
1769472000000,1764540020523.9114,bitcoin
1769558400000,1782508769730.2656,bitcoin
1769644800000,1781310220302.3276,bitcoin
1769731200000,1689639802554.1016,bitcoin
1769817600000,1680807873673.8472,bitcoin
1769904000000,1573735495563.3943,bitcoin
1769990400000,1537520318473.685,bitcoin
1770076800000,1573216672021.9187,bitcoin
1770163200000,1512165605443.8088,bitcoin
1770249600000,1463518712915.32,bitcoin
1770336000000,1262033077144.5305,bitcoin
1770422400000,1410203662656.3728,bitcoin
1770508800000,1385532837702.3442,bitcoin
1770595200000,1411671712614.3147,bitcoin
1770681600000,1400898153463.9268,bitcoin
1770768000000,1374149240710.2896,bitcoin
1770854400000,1337566230010.1792,bitcoin
1770940800000,1322855090692.983,bitcoin
1771027200000,1376029371467.4585,bitcoin
1771113600000,1395185595832.6794,bitcoin
1771200000000,1373546624939.8215,bitcoin
1771286400000,1377439978226.675,bitcoin
1771372800000,1349284955301.9707,bitcoin
1771459200000,1327723958117.1118,bitcoin
1771545600000,1338094580095.8176,bitcoin
1771632000000,1358591334156.9714,bitcoin
1771718400000,1359065859647.3735,bitcoin
1771804800000,1350654423261.9365,bitcoin
1771891200000,1291178509392.7466,bitcoin
1771977600000,1281148417170.2803,bitcoin
1772064000000,1358175414542.9243,bitcoin
1772150400000,1348944333913.3765,bitcoin
1772236800000,1317715385672.9202,bitcoin
1772323200000,1340289147460.5789,bitcoin
1772409600000,1314048555375.68,bitcoin
1772496000000,1377737947309.8953,bitcoin
1772582400000,1367228918356.8262,bitcoin
1772622854000,1425423706302.8872,bitcoin
1764806400000,8366888913.583611,stellar
1764892800000,8146686767.0772295,stellar
1764979200000,7762279521.413802,stellar
1765065600000,7749793050.776171,stellar
1765152000000,7648966819.141916,stellar
1765238400000,7787802052.669702,stellar
1765324800000,8217344854.383954,stellar
1765411200000,8101835433.600225,stellar
1765497600000,7981056581.764627,stellar
1765584000000,7723295746.933814,stellar
1765670400000,7699075302.11162,stellar
1765756800000,7423834305.008023,stellar
1765843200000,7126595729.507328,stellar
1765929600000,7087178228.979014,stellar
1766016000000,6797710655.552594,stellar
1766102400000,6691039977.967256,stellar
1766188800000,7098564242.338583,stellar
1766275200000,7072069981.379963,stellar
1766361600000,7018340948.517132,stellar
1766448000000,7126289494.461199,stellar
1766534400000,7032165268.003078,stellar
1766620800000,6874744144.876005,stellar
1766707200000,6781650789.6025715,stellar
1766793600000,6910051013.611362,stellar
1766880000000,7129809026.98273,stellar
1766966400000,7131283269.458982,stellar
1767052800000,6996453723.210285,stellar
1767139200000,6814703821.029218,stellar
1767225600000,6496683793.411647,stellar
1767312000000,6753824293.175799,stellar
1767398400000,7090482695.76138,stellar
1767484800000,7184474320.172715,stellar
1767571200000,7535038880.293715,stellar
1767657600000,8211910471.63228,stellar
1767744000000,7902085733.542478,stellar
1767830400000,7584125811.861408,stellar
1767916800000,7463306088.4711485,stellar
1768003200000,7393016743.34325,stellar
1768089600000,7339865212.5706835,stellar
1768176000000,7262990433.702297,stellar
1768262400000,7111098295.514302,stellar
1768348800000,7694899484.58276,stellar
1768435200000,7661933223.769338,stellar
1768521600000,7398899518.072778,stellar
1768608000000,7333283350.445259,stellar
1768694400000,7455893092.640026,stellar
1768780800000,7101934442.983721,stellar
1768867200000,7010034292.136013,stellar
1768953600000,6711131406.51273,stellar
1769040000000,6889728442.153168,stellar
1769126400000,6855582216.399159,stellar
1769212800000,6867890678.856792,stellar
1769299200000,6858903791.105324,stellar
1769385600000,6589856741.688114,stellar
1769472000000,6725584602.4088955,stellar
1769558400000,6767687245.959874,stellar
1769644800000,6813459832.233992,stellar
1769731200000,6443299704.703815,stellar
1769817600000,6230943522.097576,stellar
1769904000000,5866560993.6710205,stellar
1769990400000,5710324649.711584,stellar
1770076800000,5819297435.731736,stellar
1770163200000,5712334691.646498,stellar
1770249600000,5583364356.234387,stellar
1770336000000,4838340143.062862,stellar
1770422400000,5362511123.539173,stellar
1770508800000,5298976735.737514,stellar
1770595200000,5296171756.793539,stellar
1770681600000,5228482915.122354,stellar
1770768000000,5178757594.942829,stellar
1770854400000,5055884165.745715,stellar
1770940800000,5113098656.390939,stellar
1771027200000,5397968299.680256,stellar
1771113600000,5735194448.706005,stellar
1771200000000,5590227792.014103,stellar
1771286400000,5580486516.779274,stellar
1771372800000,5447425376.17763,stellar
1771459200000,5295058938.994253,stellar
1771545600000,5214897202.921166,stellar
1771632000000,5336324608.447012,stellar
1771718400000,5289121826.534478,stellar
1771804800000,5083330593.726943,stellar
1771891200000,4970774458.005865,stellar
1771977600000,4919527491.260901,stellar
1772064000000,5326679218.793787,stellar
1772150400000,5339536005.980751,stellar
1772236800000,5234042021.473134,stellar
1772323200000,5257917806.544785,stellar
1772409600000,5084669263.025659,stellar
1772496000000,5130520893.433432,stellar
1772582400000,4993007834.270164,stellar
1772622851000,5129760580.458263,stellar
1764806400000,6211369480.132077,hedera-hashgraph
1764892800000,5924852189.867415,hedera-hashgraph
1764979200000,5699668244.6522045,hedera-hashgraph
1765065600000,5687811461.5745945,hedera-hashgraph
1765152000000,5558877156.7096615,hedera-hashgraph
1765238400000,5717399495.993706,hedera-hashgraph
1765324800000,5913454243.634941,hedera-hashgraph
1765411200000,5730956815.808045,hedera-hashgraph
1765497600000,5530986305.372968,hedera-hashgraph
1765584000000,5263894069.777498,hedera-hashgraph
1765670400000,5221154488.33301,hedera-hashgraph
1765756800000,5036090464.4266205,hedera-hashgraph
1765843200000,4848661201.521123,hedera-hashgraph
1765929600000,4853306846.652756,hedera-hashgraph
1766016000000,4654250115.736802,hedera-hashgraph
1766102400000,4459646860.290321,hedera-hashgraph
1766188800000,4792382524.40963,hedera-hashgraph
1766275200000,4859039623.216381,hedera-hashgraph
1766361600000,4788379176.883215,hedera-hashgraph
1766448000000,4880124250.433653,hedera-hashgraph
1766534400000,4727427015.577783,hedera-hashgraph
1766620800000,4681275982.044148,hedera-hashgraph
1766707200000,4652867050.31365,hedera-hashgraph
1766793600000,4774790162.434368,hedera-hashgraph
1766880000000,4917663106.775286,hedera-hashgraph
1766966400000,4931520036.124961,hedera-hashgraph
1767052800000,4818518698.946541,hedera-hashgraph
1767139200000,4782795065.297366,hedera-hashgraph
1767225600000,4542470367.282704,hedera-hashgraph
1767312000000,4879809472.983419,hedera-hashgraph
1767398400000,5208821744.479234,hedera-hashgraph
1767484800000,5168353104.832514,hedera-hashgraph
1767571200000,5356996571.915013,hedera-hashgraph
1767657600000,5655833892.809454,hedera-hashgraph
1767744000000,5512754039.401063,hedera-hashgraph
1767830400000,5267860036.385532,hedera-hashgraph
1767916800000,5160784223.558274,hedera-hashgraph
1768003200000,5143542589.797245,hedera-hashgraph
1768089600000,5041535629.860287,hedera-hashgraph
1768176000000,5015430399.073802,hedera-hashgraph
1768262400000,4918611069.662856,hedera-hashgraph
1768348800000,5210604740.256832,hedera-hashgraph
1768435200000,5281219623.463838,hedera-hashgraph
1768521600000,5033737662.694502,hedera-hashgraph
1768608000000,5074359194.518429,hedera-hashgraph
1768694400000,5072609436.810865,hedera-hashgraph
1768780800000,4818162054.708403,hedera-hashgraph
1768867200000,4749269203.1594,hedera-hashgraph
1768953600000,4514589569.190577,hedera-hashgraph
1769040000000,4669245953.051182,hedera-hashgraph
1769126400000,4622306048.47726,hedera-hashgraph
1769212800000,4676088664.142934,hedera-hashgraph
1769299200000,4639885908.754889,hedera-hashgraph
1769385600000,4415938180.699521,hedera-hashgraph
1769472000000,4566000684.458903,hedera-hashgraph
1769558400000,4628964132.365419,hedera-hashgraph
1769644800000,4596080956.6973915,hedera-hashgraph
1769731200000,4341488547.668182,hedera-hashgraph
1769817600000,4234919525.0441265,hedera-hashgraph
1769904000000,3994396264.921341,hedera-hashgraph
1769990400000,3825838134.514133,hedera-hashgraph
1770076800000,4009407786.791714,hedera-hashgraph
1770163200000,3884497889.9671865,hedera-hashgraph
1770249600000,3848052024.8707247,hedera-hashgraph
1770336000000,3392658849.5392466,hedera-hashgraph
1770422400000,3913981324.757419,hedera-hashgraph
1770508800000,3872323665.4324937,hedera-hashgraph
1770595200000,3933441489.816539,hedera-hashgraph
1770681600000,3964311538.574763,hedera-hashgraph
1770768000000,3897457782.4123926,hedera-hashgraph
1770854400000,3825902664.401883,hedera-hashgraph
1770940800000,4009283321.7361426,hedera-hashgraph
1771027200000,4242497439.0033126,hedera-hashgraph
1771113600000,4469326427.537594,hedera-hashgraph
1771200000000,4320215944.453787,hedera-hashgraph
1771286400000,4379440538.854052,hedera-hashgraph
1771372800000,4392350137.355777,hedera-hashgraph
1771459200000,4264074527.0257626,hedera-hashgraph
1771545600000,4196924142.5643277,hedera-hashgraph
1771632000000,4290197814.7810526,hedera-hashgraph
1771718400000,4288374747.206905,hedera-hashgraph
1771804800000,4207082923.2094154,hedera-hashgraph
1771891200000,4077135428.2618923,hedera-hashgraph
1771977600000,4090427418.5693283,hedera-hashgraph
1772064000000,4352367139.231071,hedera-hashgraph
1772150400000,4408133906.118044,hedera-hashgraph
1772236800000,4318968224.549779,hedera-hashgraph
1772323200000,4316334292.735308,hedera-hashgraph
1772409600000,4172841076.4468546,hedera-hashgraph
1772496000000,4218073308.571253,hedera-hashgraph
1772582400000,4174794280.1255774,hedera-hashgraph
1772622850000,4350389480.257205,hedera-hashgraph
1764806400000,7548357766.616253,monero
1764892800000,7427927563.127694,monero
1764979200000,7383795324.877174,monero
1765065600000,7255169508.303363,monero
1765152000000,6703465214.862035,monero
1765238400000,6887129366.67476,monero
1765324800000,7163535263.17517,monero
1765411200000,7399201375.6026325,monero
1765497600000,7521778303.625397,monero
1765584000000,7486640121.569178,monero
1765670400000,7629527986.843116,monero
1765756800000,7557199745.423896,monero
1765843200000,7550424459.601495,monero
1765929600000,7910296362.028032,monero
1766016000000,7711588267.416973,monero
1766102400000,7665215999.102784,monero
1766188800000,8168724655.360003,monero
1766275200000,8788762517.356527,monero
1766361600000,8696829596.861536,monero
1766448000000,8533380489.541426,monero
1766534400000,8291060510.983507,monero
1766620800000,8032466273.2214,monero
1766707200000,8156357055.096992,monero
1766793600000,8217749102.769047,monero
1766880000000,8363618920.73643,monero
1766966400000,8368541183.6272335,monero
1767052800000,8072537557.717344,monero
1767139200000,8094958190.581239,monero
1767225600000,7996962007.014609,monero
1767312000000,7725094036.065028,monero
1767398400000,7833636611.6621065,monero
1767484800000,8011448803.596439,monero
1767571200000,7738459839.125102,monero
1767657600000,8063490404.938035,monero
1767744000000,8128353001.500681,monero
1767830400000,8052750588.35846,monero
1767916800000,8337697744.214518,monero
1768003200000,8329269531.116918,monero
1768089600000,8702351099.79148,monero
1768176000000,10259709106.381708,monero
1768262400000,11721413185.432392,monero
1768348800000,12574352822.748562,monero
1768435200000,13208485750.50922,monero
1768521600000,12617625264.540798,monero
1768608000000,11496856110.966026,monero
1768694400000,10786620607.568384,monero
1768780800000,10685974403.322395,monero
1768867200000,11485617414.81076,monero
1768953600000,9297402440.090315,monero
1769040000000,9626590797.723034,monero
1769126400000,9519998225.710318,monero
1769212800000,9435383180.451696,monero
1769299200000,9264103368.169884,monero
1769385600000,8298502552.751757,monero
1769472000000,8491235816.681856,monero
1769558400000,8676134524.38449,monero
1769644800000,8647315770.154737,monero
1769731200000,8480330871.685075,monero
1769817600000,8577475271.692488,monero
1769904000000,8559044648.244429,monero
1769990400000,7504404962.039491,monero
1770076800000,7147102944.15178,monero
1770163200000,6844913441.279031,monero
1770249600000,7074035644.859608,monero
1770336000000,5400713112.744159,monero
1770422400000,5942637438.253911,monero
1770508800000,6082730419.795875,monero
1770595200000,5870094556.766083,monero
1770681600000,6189546904.434397,monero
1770768000000,6346060494.195718,monero
1770854400000,6386115195.072607,monero
1770940800000,6152073768.057274,monero
1771027200000,6469505394.342451,monero
1771113600000,6601601347.167484,monero
1771200000000,6108017813.427566,monero
1771286400000,6017962985.206519,monero
1771372800000,6139260677.155123,monero
1771459200000,6110822677.175692,monero
1771545600000,6221239144.841977,monero
1771632000000,6117555922.607465,monero
1771718400000,6019647830.944879,monero
1771804800000,6046352473.621716,monero
1771891200000,5666789568.308384,monero
1771977600000,5917166847.208639,monero
1772064000000,6337517088.187959,monero
1772150400000,6331495649.559194,monero
1772236800000,6221100836.719106,monero
1772323200000,6223470692.594935,monero
1772409600000,6306721578.447198,monero
1772496000000,6377667914.977938,monero
1772582400000,6291893094.1027775,monero
1772622855000,6404917826.3273735,monero
1764806400000,10233218670.366228,chainlink
1764892800000,9931978766.722404,chainlink
1764979200000,9486800063.20327,chainlink
1765065600000,9698627946.240553,chainlink
1765152000000,9473687790.028732,chainlink
1765238400000,9574954194.948883,chainlink
1765324800000,10059009335.875858,chainlink
1765411200000,9842822714.757595,chainlink
1765497600000,9818736636.988659,chainlink
1765584000000,9514210231.733969,chainlink
1765670400000,9576722761.533957,chainlink
1765756800000,9263896851.705917,chainlink
1765843200000,8979100418.799026,chainlink
1765929600000,9001411182.249586,chainlink
1766016000000,8526657382.748645,chainlink
1766102400000,8313752747.281264,chainlink
1766188800000,8876583468.12791,chainlink
1766275200000,8886240762.300634,chainlink
1766361600000,8808502594.250568,chainlink
1766448000000,8898599976.606298,chainlink
1766534400000,8775992232.103315,chainlink
1766620800000,8693169653.855331,chainlink
1766707200000,8527693640.214241,chainlink
1766793600000,8616872677.552448,chainlink
1766880000000,8821016394.100388,chainlink
1766966400000,8821204303.568842,chainlink
1767052800000,8699970114.969728,chainlink
1767139200000,8785159465.169441,chainlink
1767225600000,8639775350.30677,chainlink
1767312000000,8910553617.634462,chainlink
1767398400000,9393703483.681168,chainlink
1767484800000,9368592229.657145,chainlink
1767571200000,9485120943.059307,chainlink
1767657600000,9882099092.36003,chainlink
1767744000000,9928082593.759216,chainlink
1767830400000,9496075649.129766,chainlink
1767916800000,9358579083.072935,chainlink
1768003200000,9294480868.437334,chainlink
1768089600000,9300911912.61355,chainlink
1768176000000,9321234440.384066,chainlink
1768262400000,9249791407.174622,chainlink
1768348800000,9930585819.09895,chainlink
1768435200000,9993695604.265686,chainlink
1768521600000,9757097990.08977,chainlink
1768608000000,9721134016.896008,chainlink
1768694400000,9722112098.472078,chainlink
1768780800000,9491179333.268553,chainlink
1768867200000,9122338526.229696,chainlink
1768953600000,8580576092.710406,chainlink
1769040000000,8767839848.964153,chainlink
1769126400000,8666631100.623102,chainlink
1769212800000,8642254014.842068,chainlink
1769299200000,8636122607.982557,chainlink
1769385600000,8142129492.155231,chainlink
1769472000000,8468637473.79437,chainlink
1769558400000,8537869810.909868,chainlink
1769644800000,8377981343.609825,chainlink
1769731200000,7856875535.370009,chainlink
1769817600000,7628196042.675729,chainlink
1769904000000,7050477463.117451,chainlink
1769990400000,6676516381.522356,chainlink
1770076800000,6949393994.605742,chainlink
1770163200000,6686825038.213974,chainlink
1770249600000,6569071232.64588,chainlink
1770336000000,5643973754.593177,chainlink
1770422400000,6286115743.725807,chainlink
1770508800000,6313541666.078659,chainlink
1770595200000,6260353398.086436,chainlink
1770681600000,6260527402.440115,chainlink
1770768000000,6060964369.629346,chainlink
1770854400000,5887641864.2533455,chainlink
1770940800000,5945829299.7494955,chainlink
1771027200000,6209619275.545237,chainlink
1771113600000,6438928050.630794,chainlink
1771200000000,6213785652.067223,chainlink
1771286400000,6320880902.24152,chainlink
1771372800000,6252210841.177037,chainlink
1771459200000,6086711066.12407,chainlink
1771545600000,6068726865.384442,chainlink
1771632000000,6324290550.471738,chainlink
1771718400000,6286682396.464104,chainlink
1771804800000,6128661220.66263,chainlink
1771891200000,5853761157.365667,chainlink
1771977600000,5804758271.147076,chainlink
1772064000000,6523082032.568729,chainlink
1772150400000,6441530802.278382,chainlink
1772236800000,6162944895.1921835,chainlink
1772323200000,6263468031.787146,chainlink
1772409600000,6140529613.536684,chainlink
1772496000000,6337674041.023362,chainlink
1772582400000,6244495253.786419,chainlink
1772622846000,6507244370.689761,chainlink
1764806400000,6586350078.441508,litecoin
1764892800000,6398860099.8826,litecoin
1764979200000,6159037291.140728,litecoin
1765065600000,6245855629.483644,litecoin
1765152000000,6221844202.0198555,litecoin
1765238400000,6426969082.492652,litecoin
1765324800000,6606806189.133178,litecoin
1765411200000,6482622737.601158,litecoin
1765497600000,6364325135.934733,litecoin
1765584000000,6277557867.71492,litecoin
1765670400000,6250352511.685813,litecoin
1765756800000,6043009831.972222,litecoin
1765843200000,5948965825.511648,litecoin
1765929600000,6054959565.768711,litecoin
1766016000000,5817580742.484161,litecoin
1766102400000,5684954257.26964,litecoin
1766188800000,5940940195.697862,litecoin
1766275200000,5962502420.849283,litecoin
1766361600000,5881522689.733698,litecoin
1766448000000,5901552760.353372,litecoin
1766534400000,5891631492.237955,litecoin
1766620800000,5810171974.333857,litecoin
1766707200000,5790992297.810128,litecoin
1766793600000,5886678583.590361,litecoin
1766880000000,6136165285.511812,litecoin
1766966400000,6026964313.365389,litecoin
1767052800000,5996962080.922577,litecoin
1767139200000,6038806161.987651,litecoin
1767225600000,5885422553.583307,litecoin
1767312000000,6123514504.141073,litecoin
1767398400000,6278492447.526828,litecoin
1767484800000,6294298829.383049,litecoin
1767571200000,6299973420.814179,litecoin
1767657600000,6422587179.813602,litecoin
1767744000000,6435848823.977348,litecoin
1767830400000,6258313903.053612,litecoin
1767916800000,6230759367.837255,litecoin
1768003200000,6243197513.269309,litecoin
1768089600000,6226402444.740995,litecoin
1768176000000,6043691496.954709,litecoin
1768262400000,5832263332.084263,litecoin
1768348800000,5979948677.800335,litecoin
1768435200000,5888287731.655858,litecoin
1768521600000,5539726921.2929125,litecoin
1768608000000,5784691863.319917,litecoin
1768694400000,5740186856.26785,litecoin
1768780800000,5571107113.762467,litecoin
1768867200000,5432954151.146081,litecoin
1768953600000,5149051401.209116,litecoin
1769040000000,5250823892.502785,litecoin
1769126400000,5228677888.766897,litecoin
1769212800000,5221359048.931914,litecoin
1769299200000,5226650176.873061,litecoin
1769385600000,5155164511.710503,litecoin
1769472000000,5364096450.24446,litecoin
1769558400000,5383182988.785348,litecoin
1769644800000,5331814843.437046,litecoin
1769731200000,5075324580.224918,litecoin
1769817600000,5014318226.412437,litecoin
1769904000000,4562274846.46793,litecoin
1769990400000,4495799767.207881,litecoin
1770076800000,4607466895.259013,litecoin
1770163200000,4552630370.923056,litecoin
1770249600000,4523194164.932452,litecoin
1770336000000,3923429727.949902,litecoin
1770422400000,4233197846.1738057,litecoin
1770508800000,4245361134.4084773,litecoin
1770595200000,4190725130.9372835,litecoin
1770681600000,4185840189.62213,litecoin
1770768000000,4095375430.119829,litecoin
1770854400000,4014490875.960683,litecoin
1770940800000,4080430414.3875904,litecoin
1771027200000,4233524778.215761,litecoin
1771113600000,4308059706.081686,litecoin
1771200000000,4225516364.1052523,litecoin
1771286400000,4226967492.5701036,litecoin
1771372800000,4146258773.663965,litecoin
1771459200000,4094250400.0655932,litecoin
1771545600000,4050986585.3865194,litecoin
1771632000000,4237593857.6167445,litecoin
1771718400000,4224323944.201068,litecoin
1771804800000,4102993931.526671,litecoin
1771891200000,3938648633.2990875,litecoin
1771977600000,3933954116.357165,litecoin
1772064000000,4333213164.005845,litecoin
1772150400000,4277914234.4167185,litecoin
1772236800000,4191325414.7126784,litecoin
1772323200000,4185410780.8617554,litecoin
1772409600000,4094462923.0274634,litecoin
1772496000000,4195364101.51523,litecoin
1772582400000,4219940741.8384833,litecoin
1772622853000,4305231602.769971,litecoin
1764806400000,385765592436.29456,ethereum
1764892800000,378383036980.8902,ethereum
1764979200000,365052689720.72375,ethereum
1765065600000,366786121380.61804,ethereum
1765152000000,368370755428.0437,ethereum
1765238400000,377375140776.36505,ethereum
1765324800000,401258190140.9822,ethereum
1765411200000,401626272710.5994,ethereum
1765497600000,390987823733.6906,ethereum
1765584000000,372579486045.7623,ethereum
1765670400000,375945831930.448,ethereum
1765756800000,369527922358.0662,ethereum
1765843200000,357786162656.10895,ethereum
1765929600000,357203725063.4325,ethereum
1766016000000,341276921875.79224,ethereum
1766102400000,340860880536.8325,ethereum
1766188800000,359446094628.4511,ethereum
1766275200000,359186900440.0731,ethereum
1766361600000,362519624877.1173,ethereum
1766448000000,362935746891.54517,ethereum
1766534400000,357776430595.61365,ethereum
1766620800000,355561429533.282,ethereum
1766707200000,350482502400.1858,ethereum
1766793600000,353065144652.60986,ethereum
1766880000000,355905880030.65027,ethereum
1766966400000,355840750170.65576,ethereum
1767052800000,354107974761.1568,ethereum
1767139200000,358439004174.8074,ethereum
1767225600000,358047402285.7328,ethereum
1767312000000,362099985541.6034,ethereum
1767398400000,376770956000.15674,ethereum
1767484800000,377099111945.0166,ethereum
1767571200000,378922486584.18475,ethereum
1767657600000,389933475562.2665,ethereum
1767744000000,397608381234.7261,ethereum
1767830400000,381974224305.5651,ethereum
1767916800000,374637574706.1186,ethereum
1768003200000,372149000810.8756,ethereum
1768089600000,372186920089.48895,ethereum
1768176000000,376488796661.5709,ethereum
1768262400000,373050228025.3664,ethereum
1768348800000,400762250132.68756,ethereum
1768435200000,405103415124.21326,ethereum
1768521600000,400452010716.34735,ethereum
1768608000000,397812097503.19434,ethereum
1768694400000,399282930965.6771,ethereum
1768780800000,396399594662.77765,ethereum
1768867200000,384410444146.86456,ethereum
1768953600000,354099948267.15643,ethereum
1769040000000,359040539115.96747,ethereum
1769126400000,355853612997.0337,ethereum
1769212800000,356101993294.33496,ethereum
1769299200000,356007725632.75543,ethereum
1769385600000,339890716407.5777,ethereum
1769472000000,353726198245.0733,ethereum
1769558400000,364796970141.98334,ethereum
1769644800000,362995505292.5032,ethereum
1769731200000,340223818598.2187,ethereum
1769817600000,326260413678.2401,ethereum
1769904000000,294721167713.188,ethereum
1769990400000,273917533154.59314,ethereum
1770076800000,282937489226.0722,ethereum
1770163200000,268883359333.4935,ethereum
1770249600000,259876828100.02466,ethereum
1770336000000,222173472032.49194,ethereum
1770422400000,248748810142.69376,ethereum
1770508800000,252512585445.0919,ethereum
1770595200000,253245483591.40662,ethereum
1770681600000,253911548161.0788,ethereum
1770768000000,243588125385.22418,ethereum
1770854400000,234040160527.6989,ethereum
1770940800000,234801316580.30408,ethereum
1771027200000,247095469776.81912,ethereum
1771113600000,251943149870.57593,ethereum
1771200000000,237059805728.8081,ethereum
1771286400000,241437650925.12573,ethereum
1771372800000,240295806016.11963,ethereum
1771459200000,235735616203.12518,ethereum
1771545600000,235006669215.33435,ethereum
1771632000000,237381191118.92096,ethereum
1771718400000,238204433973.60416,ethereum
1771804800000,235501329876.95392,ethereum
1771891200000,223731652427.76767,ethereum
1771977600000,223610046968.4375,ethereum
1772064000000,247536737253.7812,ethereum
1772150400000,244470152452.73337,ethereum
1772236800000,233144085915.65958,ethereum
1772323200000,237260462029.16663,ethereum
1772409600000,233982481666.26425,ethereum
1772496000000,245115922455.21896,ethereum
1772582400000,239664309988.1716,ethereum
1772622854000,249691400898.81516,ethereum
1764806400000,81208229329.41095,solana
1764892800000,77830815983.02031,solana
1764979200000,74566520034.03679,solana
1765065600000,73993239897.54666,solana
1765152000000,73739848612.42871,solana
1765238400000,74811646828.87148,solana
1765324800000,77575668532.51553,solana
1765411200000,76726311580.65881,solana
1765497600000,76743870887.65125,solana
1765584000000,74491666029.22806,solana
1765670400000,74841360307.62788,solana
1765756800000,72771108472.71634,solana
1765843200000,71761324664.35858,solana
1765929600000,72352928471.43684,solana
1766016000000,69190855101.13805,solana
1766102400000,67164501569.46828,solana
1766188800000,70945765444.8513,solana
1766275200000,70712904180.67732,solana
1766361600000,70866740448.0251,solana
1766448000000,70709712071.75928,solana
1766534400000,69704070559.22852,solana
1766620800000,68951067341.39406,solana
1766707200000,67601569093.48973,solana
1766793600000,68749899193.13757,solana
1766880000000,70060705784.7345,solana
1766966400000,70417541311.5998,solana
1767052800000,69294749014.9203,solana
1767139200000,70258329328.96147,solana
1767225600000,70088211901.36029,solana
1767312000000,71412464990.55157,solana
1767398400000,74386824319.36295,solana
1767484800000,75096961115.17924,solana
1767571200000,75408109505.69249,solana
1767657600000,77857193610.8887,solana
1767744000000,79507408301.68976,solana
1767830400000,76895122140.73372,solana
1767916800000,78034797749.35843,solana
1768003200000,76695827990.03171,solana
1768089600000,76641936890.79468,solana
1768176000000,78706698603.54521,solana
1768262400000,78613645403.17773,solana
1768348800000,81981991346.90428,solana
1768435200000,82880393448.86893,solana
1768521600000,80415403334.71544,solana
1768608000000,81862130037.57964,solana
1768694400000,81270466792.49619,solana
1768780800000,78436917528.54514,solana
1768867200000,75486541005.88855,solana
1768953600000,71176869803.27257,solana
1769040000000,73152926025.99269,solana
1769126400000,72553217774.92729,solana
1769212800000,72000257943.84181,solana
1769299200000,71902047449.9125,solana
1769385600000,67334139605.105606,solana
1769472000000,70367463149.6183,solana
1769558400000,72041920240.84569,solana
1769644800000,70790637621.48843,solana
1769731200000,66594694435.65673,solana
1769817600000,66428162827.350426,solana
1769904000000,59663224525.85884,solana
1769990400000,57210056897.21557,solana
1770076800000,59201126282.56551,solana
1770163200000,55336080662.992,solana
1770249600000,52337083217.87731,solana
1770336000000,44614281691.20345,solana
1770422400000,49660819332.3869,solana
1770508800000,49749127216.21578,solana
1770595200000,49365296735.72767,solana
1770681600000,49295442233.11616,solana
1770768000000,47016025744.94477,solana
1770854400000,45053694679.361496,solana
1770940800000,44415645436.865364,solana
1771027200000,47860874969.87855,solana
1771113600000,50094441104.62305,solana
1771200000000,48819352379.51161,solana
1771286400000,49062258392.90649,solana
1771372800000,48301037391.34077,solana
1771459200000,46292759422.89115,solana
1771545600000,46788887236.61634,solana
1771632000000,48004833249.75887,solana
1771718400000,48452051189.860374,solana
1771804800000,46931342707.7779,solana
1771891200000,44218639145.17957,solana
1771977600000,45046211422.07805,solana
1772064000000,49752790363.305,solana
1772150400000,48871885618.31395,solana
1772236800000,46589974108.0842,solana
1772323200000,48078218411.47596,solana
1772409600000,47680510347.9091,solana
1772496000000,49383302128.06513,solana
1772582400000,49734923977.29887,solana
1772622849000,51395936192.11649,solana
1764806400000,126961880148.0321,binancecoin
1764892800000,123964878213.4654,binancecoin
1764979200000,121783105712.06157,binancecoin
1765065600000,122621613741.7671,binancecoin
1765152000000,122976657439.0781,binancecoin
1765238400000,123548439285.44443,binancecoin
1765324800000,123930434640.63074,binancecoin
1765411200000,123298087220.88683,binancecoin
1765497600000,122104338797.89401,binancecoin
1765584000000,121523423088.54666,binancecoin
1765670400000,123599191597.31932,binancecoin
1765756800000,120990117783.94084,binancecoin
1765843200000,118228345944.19202,binancecoin
1765929600000,120413955851.13254,binancecoin
1766016000000,116085576597.52141,binancecoin
1766102400000,114190662273.26158,binancecoin
1766188800000,117897286655.7941,binancecoin
1766275200000,117437335113.4627,binancecoin
1766361600000,118184623023.09212,binancecoin
1766448000000,118177942903.11252,binancecoin
1766534400000,116259698516.2158,binancecoin
1766620800000,116609355166.84311,binancecoin
1766707200000,114114035227.35869,binancecoin
1766793600000,114905145748.4669,binancecoin
1766880000000,116342864989.3187,binancecoin
1766966400000,118310241153.67932,binancecoin
1767052800000,117223103080.42976,binancecoin
1767139200000,118493436505.37633,binancecoin
1767225600000,118876603739.66975,binancecoin
1767312000000,118849214809.2441,binancecoin
1767398400000,121322839458.69113,binancecoin
1767484800000,121016515949.7729,binancecoin
1767571200000,123224807425.4024,binancecoin
1767657600000,125501652951.13847,binancecoin
1767744000000,126398673393.32039,binancecoin
1767830400000,123763709908.52527,binancecoin
1767916800000,122803772954.30318,binancecoin
1768003200000,123437221285.62236,binancecoin
1768089600000,124853596576.21555,binancecoin
1768176000000,124314076342.01952,binancecoin
1768262400000,124753634346.50957,binancecoin
1768348800000,129801485407.88301,binancecoin
1768435200000,130778202236.48225,binancecoin
1768521600000,126916279480.82817,binancecoin
1768608000000,127819071582.52448,binancecoin
1768694400000,129194457542.08887,binancecoin
1768780800000,127391956848.96681,binancecoin
1768867200000,125781563139.81992,binancecoin
1768953600000,120599484135.13818,binancecoin
1769040000000,120275764764.43254,binancecoin
1769126400000,120878971499.69006,binancecoin
1769212800000,121406274788.23088,binancecoin
1769299200000,120824131675.19077,binancecoin
1769385600000,117935368800.78908,binancecoin
1769472000000,119852075665.91493,binancecoin
1769558400000,122447202207.11542,binancecoin
1769644800000,122868533857.5658,binancecoin
1769731200000,118285691493.88474,binancecoin
1769817600000,116914053043.12451,binancecoin
1769904000000,106463087867.83705,binancecoin
1769990400000,103356915509.94981,binancecoin
1770076800000,105675775355.58817,binancecoin
1770163200000,102785306283.79321,binancecoin
1770249600000,95326625071.32611,binancecoin
1770336000000,83296690560.85005,binancecoin
1770422400000,89685556968.33916,binancecoin
1770508800000,88308066317.38551,binancecoin
1770595200000,87450835262.66064,binancecoin
1770681600000,86729994089.1038,binancecoin
1770768000000,84467831507.9743,binancecoin
1770854400000,82755881618.30022,binancecoin
1770940800000,83656019499.6611,binancecoin
1771027200000,84362020188.44165,binancecoin
1771113600000,86343046587.03139,binancecoin
1771200000000,83775714874.3921,binancecoin
1771286400000,85479372542.39017,binancecoin
1771372800000,84169985044.78767,binancecoin
1771459200000,82448958332.99574,binancecoin
1771545600000,82785340522.44412,binancecoin
1771632000000,85241510657.33328,binancecoin
1771718400000,85378020406.19989,binancecoin
1771804800000,83711762481.52454,binancecoin
1771891200000,81249250726.1992,binancecoin
1771977600000,79658479528.21227,binancecoin
1772064000000,85640105899.57208,binancecoin
1772150400000,85313118803.34755,binancecoin
1772236800000,83730647972.7378,binancecoin
1772323200000,84176037496.01993,binancecoin
1772409600000,84170308777.82892,binancecoin
1772496000000,86949777841.90884,binancecoin
1772582400000,86482998750.86174,binancecoin
1772622854000,88788239878.602,binancecoin
1764806400000,11813350955.528269,bitcoin-cash
1764892800000,11466271639.398159,bitcoin-cash
1764979200000,11158825480.616508,bitcoin-cash
1765065600000,11646774639.02229,bitcoin-cash
1765152000000,11932417245.163973,bitcoin-cash
1765238400000,11580577789.771725,bitcoin-cash
1765324800000,11684932798.12283,bitcoin-cash
1765411200000,11455682853.934555,bitcoin-cash
1765497600000,11475490200.552664,bitcoin-cash
1765584000000,11592199597.19127,bitcoin-cash
1765670400000,11598806550.494144,bitcoin-cash
1765756800000,11156271087.444477,bitcoin-cash
1765843200000,10689895860.579782,bitcoin-cash
1765929600000,10906497430.99353,bitcoin-cash
1766016000000,10907912313.276815,bitcoin-cash
1766102400000,11276514665.452627,bitcoin-cash
1766188800000,12477120745.523005,bitcoin-cash
1766275200000,11833105145.733955,bitcoin-cash
1766361600000,11780911638.83031,bitcoin-cash
1766448000000,11774560041.968098,bitcoin-cash
1766534400000,11436335024.700714,bitcoin-cash
1766620800000,11353254678.425194,bitcoin-cash
1766707200000,11776345123.428804,bitcoin-cash
1766793600000,11850362336.268053,bitcoin-cash
1766880000000,12443234902.671246,bitcoin-cash
1766966400000,12416875120.785889,bitcoin-cash
1767052800000,11949718331.628296,bitcoin-cash
1767139200000,11892010355.578306,bitcoin-cash
1767225600000,11969450104.121391,bitcoin-cash
1767312000000,11823746404.98592,bitcoin-cash
1767398400000,12129564530.982157,bitcoin-cash
1767484800000,13069610265.322052,bitcoin-cash
1767571200000,12763124710.2782,bitcoin-cash
1767657600000,12907334960.264622,bitcoin-cash
1767744000000,12773946843.331917,bitcoin-cash
1767830400000,12579916960.720135,bitcoin-cash
1767916800000,12622129736.857304,bitcoin-cash
1768003200000,12668157092.035471,bitcoin-cash
1768089600000,12837528615.999647,bitcoin-cash
1768176000000,12944693634.831322,bitcoin-cash
1768262400000,12418095199.968977,bitcoin-cash
1768348800000,12311632928.238354,bitcoin-cash
1768435200000,11931180397.22788,bitcoin-cash
1768521600000,11815606157.662764,bitcoin-cash
1768608000000,11979296222.113792,bitcoin-cash
1768694400000,11866671784.453657,bitcoin-cash
1768780800000,11847678060.487299,bitcoin-cash
1768867200000,11685593918.89059,bitcoin-cash
1768953600000,11448456224.668589,bitcoin-cash
1769040000000,11686919840.307003,bitcoin-cash
1769126400000,11955988851.185152,bitcoin-cash
1769212800000,11881338350.180927,bitcoin-cash
1769299200000,11864396869.918625,bitcoin-cash
1769385600000,11411323396.018803,bitcoin-cash
1769472000000,11582325620.277342,bitcoin-cash
1769558400000,12012127551.983482,bitcoin-cash
1769644800000,11795844258.624983,bitcoin-cash
1769731200000,11073729854.441507,bitcoin-cash
1769817600000,11034994934.857443,bitcoin-cash
1769904000000,10115326293.844566,bitcoin-cash
1769990400000,10350336020.93043,bitcoin-cash
1770076800000,10798586201.290983,bitcoin-cash
1770163200000,10488924882.607843,bitcoin-cash
1770249600000,10647313074.634161,bitcoin-cash
1770336000000,9213240107.38453,bitcoin-cash
1770422400000,10487161600.023838,bitcoin-cash
1770508800000,10502589233.323124,bitcoin-cash
1770595200000,10537257125.47366,bitcoin-cash
1770681600000,10661325240.02358,bitcoin-cash
1770768000000,10471729520.235193,bitcoin-cash
1770854400000,10278020129.51181,bitcoin-cash
1770940800000,10049583201.536013,bitcoin-cash
1771027200000,11299870820.162592,bitcoin-cash
1771113600000,11259215253.56168,bitcoin-cash
1771200000000,11078844763.089714,bitcoin-cash
1771286400000,11382840336.50072,bitcoin-cash
1771372800000,11264662671.791216,bitcoin-cash
1771459200000,11127791087.239685,bitcoin-cash
1771545600000,11204643908.010975,bitcoin-cash
1771632000000,11249068119.042418,bitcoin-cash
1771718400000,11284280876.434546,bitcoin-cash
1771804800000,11404814347.983995,bitcoin-cash
1771891200000,9911342952.982925,bitcoin-cash
1771977600000,9697784314.508446,bitcoin-cash
1772064000000,9842535449.583965,bitcoin-cash
1772150400000,9574839026.98974,bitcoin-cash
1772236800000,9223444431.60939,bitcoin-cash
1772323200000,9148482155.744074,bitcoin-cash
1772409600000,8843886501.855219,bitcoin-cash
1772496000000,8888185892.45221,bitcoin-cash
1772582400000,8904768138.616966,bitcoin-cash
1772622856000,9138811630.243376,bitcoin-cash
1764806400000,26563920316.237587,tron
1764892800000,27069603377.21872,tron
1764979200000,27029310521.61557,tron
1765065600000,27225327588.60716,tron
1765152000000,27160291546.18634,tron
1765238400000,26649199495.521458,tron
1765324800000,26723677906.61841,tron
1765411200000,26525962691.484158,tron
1765497600000,26575898856.652336,tron
1765584000000,25920181365.638466,tron
1765670400000,25660282015.77089,tron
1765756800000,26236583967.298935,tron
1765843200000,26343849451.62298,tron
1765929600000,26534351824.414658,tron
1766016000000,26441110966.13669,tron
1766102400000,26454335158.0482,tron
1766188800000,26512635435.976036,tron
1766275200000,26617926366.055492,tron
1766361600000,27289218293.959843,tron
1766448000000,26918213118.7684,tron
1766534400000,26831349805.488132,tron
1766620800000,26535930965.6229,tron
1766707200000,26373676674.058235,tron
1766793600000,26471777099.47492,tron
1766880000000,26940887159.38013,tron
1766966400000,26976578096.484463,tron
1767052800000,26946505098.144924,tron
1767139200000,27100437106.66173,tron
1767225600000,26926567678.6245,tron
1767312000000,27117321731.27179,tron
1767398400000,27336476523.309998,tron
1767484800000,27952401865.63866,tron
1767571200000,27822867561.342937,tron
1767657600000,27661606104.94256,tron
1767744000000,27841317593.79885,tron
1767830400000,28204317191.188366,tron
1767916800000,27907221102.98502,tron
1768003200000,28200984953.76776,tron
1768089600000,28568701144.0134,tron
1768176000000,28328253699.496773,tron
1768262400000,28366028755.779274,tron
1768348800000,29077501750.608166,tron
1768435200000,28838921062.83708,tron
1768521600000,29526782007.71031,tron
1768608000000,29286219188.20771,tron
1768694400000,30158737335.316784,tron
1768780800000,30161188831.85959,tron
1768867200000,29536412957.811874,tron
1768953600000,28126138168.938374,tron
1769040000000,28326907810.836212,tron
1769126400000,28897675068.525345,tron
1769212800000,28159168005.012497,tron
1769299200000,27947939333.299397,tron
1769385600000,27965620214.702435,tron
1769472000000,28088266473.211185,tron
1769558400000,27872718597.94899,tron
1769644800000,27940216940.957375,tron
1769731200000,27896038764.62274,tron
1769817600000,27817521048.598408,tron
1769904000000,27119046711.053753,tron
1769990400000,26960457249.930225,tron
1770076800000,26809750668.84549,tron
1770163200000,27046183925.712727,tron
1770249600000,26786822086.81486,tron
1770336000000,25530263782.699326,tron
1770422400000,25946475726.10413,tron
1770508800000,26338219540.66984,tron
1770595200000,26329369626.754955,tron
1770681600000,26393282830.403446,tron
1770768000000,26319769461.013996,tron
1770854400000,26308757925.032818,tron
1770940800000,26488689780.773865,tron
1771027200000,26704538494.92061,tron
1771113600000,26749730558.040142,tron
1771200000000,26559184494.956135,tron
1771286400000,26945018372.222607,tron
1771372800000,26710893247.146744,tron
1771459200000,26389677821.288788,tron
1771545600000,26964324352.3918,tron
1771632000000,27027318981.66313,tron
1771718400000,27366360892.42548,tron
1771804800000,27504090352.36175,tron
1771891200000,26663289414.97991,tron
1771977600000,26838450555.482708,tron
1772064000000,27025985039.397995,tron
1772150400000,27063439026.97375,tron
1772236800000,26799442791.472736,tron
1772323200000,26714746199.6763,tron
1772409600000,26594439639.82015,tron
1772496000000,26838355402.68815,tron
1772582400000,26577533625.187134,tron
1772622852000,26876558636.505207,tron
